estado;title;employer;commune;primary_url;motivo;audit_http_code;found_by_agents;first_seen;last_checked
probable;Trabaja con nosotros (canal permanente de postulación, vendedor/a y jefatura local);Feria Chilena del Libro;No informado;https://feriachilenadellibro.cl/trabaja-con-nosotros/;Indicios de vigencia sin evidencia suficiente: no se pudo reabrir la pagina para confirmar plazo ni mecanismo de postulacion.;000;D;2026-07-27;2026-07-27T12:30:00-04:00
probable;Plataforma de postulaciones para reemplazos y contratas;Servicio Local de Educación Pública Andalién Costa;San Pedro de la Paz (y Coronel, Lota, Santa Juana);https://slepandaliencosta.gob.cl/trabaja-con-nosotros/;Indicios de vigencia sin evidencia suficiente: no se pudo reabrir la pagina para confirmar plazo ni mecanismo de postulacion.;000;A;2026-07-27;2026-07-27T12:30:00-04:00
unverifiable;Evaluador(a) de la Agencia de Calidad de la Educación;Agencia de Calidad de la Educación;No informado;https://www.empleospublicos.cl/pub/convocatorias/avisotrabajoficha.aspx?i=89253;No verificable: el gateway de egreso denego la reapertura de la pagina (403 CONNECT). Evidencia limitada a snippet de buscador.;000;A;2026-07-27;2026-07-27T12:30:00-04:00
unverifiable;Evaluadores/as de la Agencia de Calidad de la Educación;Agencia de Calidad de la Educación (Chile);No informado;https://www.empleospublicos.cl/pub/convocatorias/convFicha.aspx?i=23995&c=0&j=0&tipo=avisotrabajoficha;No verificable: el gateway de egreso denego la reapertura de la pagina (403 CONNECT). Evidencia limitada a snippet de buscador.;000;A,B;2026-07-27;2026-07-27T12:30:00-04:00
unverifiable;Mediador/a de Lectura;Biblioteca Viva Trébol;Talcahuano;https://bibliotecaviva.cl/trabaja-con-nosotros-bv-trebol-busca-mediador-de-lectura/;No verificable: el gateway de egreso denego la reapertura de la pagina (403 CONNECT). Evidencia limitada a snippet de buscador.;000;D;2026-07-27;2026-07-27T12:30:00-04:00
unverifiable;Encargado/a Biblioteca CRA (publicado en grupo Facebook 'Bolsa de Trabajo Bibliotecas');Colegio (nombre no confirmado en la síntesis disponible);No informado;https://www.facebook.com/groups/bolsatrabajobiblio/posts/2014738612256996/;No verificable: el gateway de egreso denego la reapertura de la pagina (403 CONNECT). Evidencia limitada a snippet de buscador.;000;D;2026-07-27;2026-07-27T12:30:00-04:00
unverifiable;Encargado/a de Biblioteca CRA (40 hrs);Colegio no identificado con certeza (ficha agregador concetrabajos.cl, referencia cruzada menciona estándares CRA Mineduc, otra búsqueda asoció un perfil similar a 'Colegio Andrés Bello', sin confirmación);Concepción;https://www.concetrabajos.cl/trabajo/encargado-a-de-biblioteca-cra-40-hrs-3196667;No verificable: el gateway de egreso denego la reapertura de la pagina (403 CONNECT). Evidencia limitada a snippet de buscador.;000;D;2026-07-27;2026-07-27T12:30:00-04:00
unverifiable;Vendedor/a en local comercial (librería);Comercial Espiral Limitada (librería, Galería Alessandri, Aníbal Pinto 450, local 90);Concepción;https://cl.computrabajo.com/ofertas-de-trabajo/oferta-de-trabajo-de-vendedora-en-local-comercial-libreria-horario-completo-en-concepcion-3b3ee47de6e90c7361373e686dcf3405;No verificable: el gateway de egreso denego la reapertura de la pagina (403 CONNECT). Evidencia limitada a snippet de buscador.;000;D;2026-07-27;2026-07-27T12:30:00-04:00
unverifiable;Educadora de Párvulos;Corporación Educacional (nombre exacto no confirmado);San Pedro de la Paz;https://cl.trabajosdiarios.com/trabajo/2223870/educadora-de-parvulos-en-biobio;No verificable: el gateway de egreso denego la reapertura de la pagina (403 CONNECT). Evidencia limitada a snippet de buscador.;000;C;2026-07-27;2026-07-27T12:30:00-04:00
unverifiable;Proceso de postulación a Evaluador/a Par (última convocatoria localizada: 2023);CPEIP (Ministerio de Educación) / DocenteMás;Nacional (aplica en la medida que la candidata ejerza en un establecimiento de la zona);https://www.cpeip.cl/tag/evaluador-par/;No verificable: el gateway de egreso denego la reapertura de la pagina (403 CONNECT). Evidencia limitada a snippet de buscador.;000;A;2026-07-27;2026-07-27T12:30:00-04:00
unverifiable;Base de datos 2025, Educadoras de Párvulos, Provincia de Concepción, Región del Biobío;Fundación Integra;Provincia de Concepción (incluye potencialmente Concepción, Chiguayante, Hualqui, Talcahuano, Hualpén, San Pedro de la Paz, Penco);https://login.airavirtual.com/postula/j3ZkHqmHSmAwEdJ4I1Ab;No verificable: el gateway de egreso denego la reapertura de la pagina (403 CONNECT). Evidencia limitada a snippet de buscador.;000;A;2026-07-27;2026-07-27T12:30:00-04:00
unverifiable;Base de Datos Reemplazos Asistente de Extensión Horaria para Jardines Infantiles de Concepción;Fundación Integra;Concepción;https://login.airavirtual.com/postula/g03WhUn2RQzhvjlviVCc;No verificable: el gateway de egreso denego la reapertura de la pagina (403 CONNECT). Evidencia limitada a snippet de buscador.;000;A;2026-07-27;2026-07-27T12:30:00-04:00
unverifiable;Reemplazo Educadora de Párvulos - Sala Cuna Aitué (aprox. 1 mes);Fundación Integra (S.C. Aitué);San Pedro de la Paz;https://www.integra.cl/;No verificable: el gateway de egreso denego la reapertura de la pagina (403 CONNECT). Evidencia limitada a snippet de buscador.;000;C;2026-07-27;2026-07-27T12:30:00-04:00
unverifiable;Educadora de Párvulos (y Lenguaje y Comunicación) - red de colegios;Fundaciones Educacionales Colegios del Arzobispado de la Ssma. Concepción (Fundación Educacional Cristo Rey / Fundación Educacional La Asunción);Concepción;https://www.colegiosarzobispado.cl/trabaja-con-nosotros/;No verificable: el gateway de egreso denego la reapertura de la pagina (403 CONNECT). Evidencia limitada a snippet de buscador.;000;C;2026-07-27;2026-07-27T12:30:00-04:00
unverifiable;Diseñador Instruccional para Cursos Virtuales;Ingeniería Greywater SpA;No informado;https://www.getonbrd.com/jobs/education-coaching/disenador-instruccional-para-cursos-virtuales-ingenieria-greywater-spa-santiago;No verificable: el gateway de egreso denego la reapertura de la pagina (403 CONNECT). Evidencia limitada a snippet de buscador.;000;C;2026-07-27;2026-07-27T12:30:00-04:00
unverifiable;Educadora de Párvulos Jardín Infantil y Sala Cuna Alborada;Jardín Infantil y Sala Cuna Alborada;No informado;https://www.laborum.cl/empleos/educadora-de-parvulos-jardin-infantil-y-sala-cuna-jardin-infantil-y-sala-cuna-alborada-1117037779.html;No verificable: el gateway de egreso denego la reapertura de la pagina (403 CONNECT). Evidencia limitada a snippet de buscador.;000;C;2026-07-27;2026-07-27T12:30:00-04:00
unverifiable;Ranking: Educadora de Párvulos, varias comunas, Región del Bio Bío;JUNJI (Junta Nacional de Jardines Infantiles), Dirección Regional Biobío;Varias comunas Región del Biobío (No informado cuáles específicamente);https://junji.myfront.cl/oferta-de-empleo/6835/ranking-educadora-de-parvulos-varias-comunas-region-del-bio-bio-2/;No verificable: el gateway de egreso denego la reapertura de la pagina (403 CONNECT). Evidencia limitada a snippet de buscador.;000;A;2026-07-27;2026-07-27T12:30:00-04:00
unverifiable;Encargada de Jardín Infantil UBB Collao, comuna de Concepción;JUNJI, Región del Biobío;Concepción;https://junji.myfront.cl/oferta-de-empleo/3899/encargada-de-jardin-infantil-ubb-collao-comuna-de-concepcion-region-del-bio-bio/;No verificable: el gateway de egreso denego la reapertura de la pagina (403 CONNECT). Evidencia limitada a snippet de buscador.;000;A;2026-07-27;2026-07-27T12:30:00-04:00
unverifiable;Traslado: Educadora de Párvulos, JI Magallanes, comuna Concepción;JUNJI, Región del Biobío;Concepción;https://junji.myfront.cl/oferta-de-empleo/8292/traslado-educadora-de-parvulos-ji-magallanes-comuna-concepcion-region-del-biobio/;No verificable: el gateway de egreso denego la reapertura de la pagina (403 CONNECT). Evidencia limitada a snippet de buscador.;000;A;2026-07-27;2026-07-27T12:30:00-04:00
unverifiable;Reemplazo Educadora Diferencial, Programa Atención Temprana, Concepción;JUNJI, Región del Biobío;Concepción;https://junji.myfront.cl/oferta-de-empleo/12280/reemplazo-educadora-diferencial-programa-atencion-temprana-concepcion-region-del-biobio/;No verificable: el gateway de egreso denego la reapertura de la pagina (403 CONNECT). Evidencia limitada a snippet de buscador.;000;A;2026-07-27;2026-07-27T12:30:00-04:00
unverifiable;Trabaja con nosotros (canal permanente de postulación);Librería Antártica;No informado;https://www.antartica.cl/trabaja-con-nosotros;No verificable: el gateway de egreso denego la reapertura de la pagina (403 CONNECT). Evidencia limitada a snippet de buscador.;000;D;2026-07-27;2026-07-27T12:30:00-04:00
unverifiable;Cajero-Reponedor;Librería Giorgio;Concepción;https://www.libreriagiorgio.cl/index.php/Inicio/Trabaje_con_nosotros;No verificable: el gateway de egreso denego la reapertura de la pagina (403 CONNECT). Evidencia limitada a snippet de buscador.;000;C,D;2026-07-27;2026-07-27T12:30:00-04:00
unverifiable;Asistente de Jefatura de Local / Sub-jefe(a) de tienda;Librería Giorgio;Concepción;https://cl.jooble.org/trabajo-librer%C3%ADa-giorgio/Concepci%C3%B3n;No verificable: el gateway de egreso denego la reapertura de la pagina (403 CONNECT). Evidencia limitada a snippet de buscador.;000;D;2026-07-27;2026-07-27T12:30:00-04:00
unverifiable;Corrector/a o Supervisor/a en el Estudio de Grabaciones Autogestionadas (Evaluación Docente);MIDE UC - Centro de Medición, Pontificia Universidad Católica de Chile;Remoto;https://mideuc.cl/postule-aqui-a-corrector-a-o-supervisor/;No verificable: el gateway de egreso denego la reapertura de la pagina (403 CONNECT). Evidencia limitada a snippet de buscador.;000;B;2026-07-27;2026-07-27T12:30:00-04:00
unverifiable;Evaluador/a de Pruebas de Primer y Segundo Ciclo (PLAEP);MIDE UC - Centro de Medición, Pontificia Universidad Católica de Chile;No informado;https://mideuc.cl/oferta-laboral-evaluador-a-de-pruebas-plaep/;No verificable: el gateway de egreso denego la reapertura de la pagina (403 CONNECT). Evidencia limitada a snippet de buscador.;000;B;2026-07-27;2026-07-27T12:30:00-04:00
unverifiable;Reemplazo Educadora de Párvulos;No informado;Concepción;https://www.chiletrabajos.cl/trabajo/3627848;No verificable: el gateway de egreso denego la reapertura de la pagina (403 CONNECT). Evidencia limitada a snippet de buscador.;000;C;2026-07-27;2026-07-27T12:30:00-04:00
unverifiable;Educadora de Párvulos;No informado;Concepción;https://www.chiletrabajos.cl/trabajo/educadora-de-parvulos-concepcion-3181424;No verificable: el gateway de egreso denego la reapertura de la pagina (403 CONNECT). Evidencia limitada a snippet de buscador.;000;C;2026-07-27;2026-07-27T12:30:00-04:00
unverifiable;Educadora de Párvulos (jardín infantil / sala cuna);No informado;Concepción;https://www.chiletrabajos.cl/trabajo/educadora-de-parvulos-3820517;No verificable: el gateway de egreso denego la reapertura de la pagina (403 CONNECT). Evidencia limitada a snippet de buscador.;000;C;2026-07-27;2026-07-27T12:30:00-04:00
unverifiable;Técnico en Educación Parvularia (jardín infantil particular);No informado;San Pedro de la Paz;https://empleo.mitula.cl/empleo/educacion-parvularia-san-pedro-paz;No verificable: el gateway de egreso denego la reapertura de la pagina (403 CONNECT). Evidencia limitada a snippet de buscador.;000;C;2026-07-27;2026-07-27T12:30:00-04:00
unverifiable;Educadora de Párvulos (nivel medio y sala cuna, sector Lomas Coloradas);No informado;San Pedro de la Paz;https://empleo.mitula.cl/empleo/educadora-parvulos-san-pedro-paz/empleo/educadora-parvulos-san-pedro-paz;No verificable: el gateway de egreso denego la reapertura de la pagina (403 CONNECT). Evidencia limitada a snippet de buscador.;000;C;2026-07-27;2026-07-27T12:30:00-04:00
unverifiable;Académicos(as) Facultad de Educación y Ciencias Sociales (convocatoria de 80 posiciones, incluye Concepción);Universidad Andrés Bello (UNAB);No informado;https://noticias.unab.cl/universidad-andres-bello-anuncia-la-apertura-de-80-nuevas-posiciones-academicas/;No verificable: el gateway de egreso denego la reapertura de la pagina (403 CONNECT). Evidencia limitada a snippet de buscador.;000;B;2026-07-27;2026-07-27T12:30:00-04:00
unverifiable;Llamado a concurso: validación de instrumento de Evaluación (proceso de validación cuantitativa);Universidad de Concepción - Facultad de Educación;Concepción;https://educacion.udec.cl/proyectollamadoconcurso/;No verificable: el gateway de egreso denego la reapertura de la pagina (403 CONNECT). Evidencia limitada a snippet de buscador.;000;B;2026-07-27;2026-07-27T12:30:00-04:00
unverifiable;Llamado a concursos profesionales de apoyo al Plan de Estudios;Universidad de Concepción - Facultad de Educación;Concepción;https://educacion.udec.cl/llamado-a-concursos/;No verificable: el gateway de egreso denego la reapertura de la pagina (403 CONNECT). Evidencia limitada a snippet de buscador.;000;B;2026-07-27;2026-07-27T12:30:00-04:00
unverifiable;Llamado a concurso (código 3011-2, cargo no especificado en el fragmento indexado);Universidad de Concepción - Facultad de Educación;Concepción;https://educacion.udec.cl/llamado3011-2;No verificable: el gateway de egreso denego la reapertura de la pagina (403 CONNECT). Evidencia limitada a snippet de buscador.;000;B;2026-07-27;2026-07-27T12:30:00-04:00
expired;Analista de Evaluación Docente (contrata, grado 12 E.U.S.);Agencia de Calidad de la Educación;Santiago (Región Metropolitana);http://archivos.agenciaeducacion.cl.s3.amazonaws.com/trabaja-con-nosotros/REX+331+ANALISTA+EVALUACION+DOCENTE.pdf;Cerrada o vencida segun evidencia disponible.;200;A,B;2026-07-27;2026-07-27T12:30:00-04:00
expired;Mediador/a de Lectura part time (20 horas semanales);Biblioteca Viva Biobío;Concepción;https://bibliotecaviva.cl/unete-al-equipo-de-biblioteca-viva-4/;Cerrada o vencida segun evidencia disponible.;000;D;2026-07-27;2026-07-27T12:30:00-04:00
expired;Mediador/a de Lectura (full time);Biblioteca Viva Biobío (Mall Plaza Mirador Biobío);Concepción;https://bibliotecaviva.cl/trabaja-con-nosotros-biobio-abre-vacantes/;Cerrada o vencida segun evidencia disponible.;000;D;2026-07-27;2026-07-27T12:30:00-04:00
expired;Docentes de Educación Básica y Media para Construcción de Preguntas;MIDE UC - Centro de Medición, Pontificia Universidad Católica de Chile;No informado;https://mideuc.cl/oferta-laboral-docentes-de-educacion-basica-y-media-para-construccion-de-preguntas/;Cerrada o vencida segun evidencia disponible.;000;B;2026-07-27;2026-07-27T12:30:00-04:00
expired;Profesores/as Academia 2026 (Química, Biología, Física, Historia, Lenguaje y Literatura, Matemática) - Sede Biobío/Concepción;Preuniversitario Pontificia Universidad Católica (Preuniversitario UC);Concepción;https://cl.trabajo.org/oferta-2254-778e4575cf36f9746a082051edbadf52;Cerrada o vencida segun evidencia disponible.;000;B;2026-07-27;2026-07-27T12:30:00-04:00
expired;Concurso Alta Dirección Pública 2025: Directores/as;Servicio Local de Educación Pública Andalién Costa;San Pedro de la Paz (y Coronel, Lota, Santa Juana, fuera de las 7 comunas);https://adp.serviciocivil.cl/concursos-spl/opencms/permalink/96d2358a-6dff-11ed-8fef-6755d96a8f20;Cerrada o vencida segun evidencia disponible.;000;A;2026-07-27;2026-07-27T12:30:00-04:00
expired;Concurso Director/a para 6 establecimientos (Chiguayante, Florida y Hualqui);Servicio Local de Educación Pública Andalién Sur;Chiguayante, Hualqui (y Florida, fuera de las 7 comunas autorizadas);https://andaliensur.gob.cl/trabajemos;Cerrada o vencida segun evidencia disponible.;000;A;2026-07-27;2026-07-27T12:30:00-04:00
